"denominación";"dirección";"distrito.postal";"localidad";"provincia";"ccaa";"país";"teléfono";"fax";"correo.electrónico";"dir";"request";"lon";"lat";"address"
"Agencia de Lectura Municipal de Aín";"Plz. José Sorribes Fuster, 1";"12222";"Aín";"Castellon";"Comunidad Valenciana";"Spain";"964 62 90 40";"964 62 90 40";"ain_ayto@gva.es";"Plz. José Sorribes Fuster  1";"Plz. Jose Sorribes Fuster  1,12222,Ain,Castellon,Spain";-0.3410107;39.9001543;"12222 aín, castellón, spain"
"Agencia de Lectura Municipal de Alcossebre";"c/ San José, 48, B";"12579";"Alcalà de Xivert";"Castellon";"Comunidad Valenciana";"Spain";"964 41 42 26";"";"axivert_vic@gva.es";"c/ San José  48";"c/ San Jose  48,12579,Alcala de Xivert,Castellon,Spain";0.2235145;40.3042881;"carrer de sant josep, 48, 12570 alcalà de xivert, castellón, spain"
"Biblioteca Pública Municipal de Alcalà de Xivert";"Paseo Héroes de Marruecos, 2";"12570";"Alcalà de Xivert";"Castellon";"Comunidad Valenciana";"Spain";"964 15 00 80";"964 41 01 39";"axivert_eug@gva.es";"Paseo Héroes de Marruecos  2";"Paseo Heroes de Marruecos  2,12570,Alcala de Xivert,Castellon,Spain";0.2265823;40.3059644;"12570 alcalà de xivert, castellón, spain"
"Agencia de Lectura Municipal de Alcudia de Veo";"c/ de la Fuente, 7";"12222";"Alcudia de Veo";"Castellon";"Comunidad Valenciana";"Spain";"964 62 90 56 (Ayuntamiento)";"";"alcudiadeveo_sec@gva.es";"c/ de la Fuente  7";"c/ de la Fuente  7,12222,Alcudia de Veo,Castellon,Spain";-0.3553414;39.9162477;"calle la fuente, 7, 12222 alcudia, castellón, spain"
"Agencia de Lectura Municipal de Algimia de Almonacid";"c/ Larga, 56";"12414";"Algimia de Almonacid";"Castellon";"Comunidad Valenciana";"Spain";"964 13 90 31";"964 13 90 59";"aalmonacid_alc@gva.es";"c/ Larga  56";"c/ Larga  56,12414,Algimia de Almonacid,Castellon,Spain";-0.4446292;39.9133031;"calle larga, 56, 12414 algimia de almonacid, castellón, spain"
"Biblioteca Pública Municipal de Almazora";"Plz. de España, 2";"12550";"Almazora/Almassora";"Castellon";"Comunidad Valenciana";"Spain";"964 56 07 58";"964 56 30 51";"biblioteca@almassora.es";"Plz. de España  2";"Plz. de Espana  2,12550,Almazora/Almassora,Castellon,Spain";-0.0633559;39.9447591;"plaza españa, 2, 12550 almazora, castellón, spain"
"Agencia de Lectura Municipal de Almedíjar";"Plz. del Ayuntamiento, 5";"12413";"Almedíjar";"Castellon";"Comunidad Valenciana";"Spain";"964 13 70 18";"964 13 70 18";"";"Plz. del Ayuntamiento  5";"Plz. del Ayuntamiento  5,12413,Almedijar,Castellon,Spain";-0.4086741;39.8726742;"plaza del ayuntamiento, 5, 12413 almedíjar, castellón, spain"
"Agencia de Lectura Municipal de Almenara";"c/ Colón, 1";"12590";"Almenara";"Castellon";"Comunidad Valenciana";"Spain";"962 62 36 71";"962 62 31 65";"cestrada@almenara.es";"c/ Colón  1";"c/ Colon  1,12590,Almenara,Castellon,Spain";-0.2199823;39.7533922;"carrer de colón, 1, 12590 almenara, castellón, spain"
"Agencia de Lectura Municipal de Alquerias del Niño Perdido";"c/ del Mossén Juan Miralles, 2, 1º";"12539";"Alquerías del Niño Perdido";"Castellon";"Comunidad Valenciana";"Spain";"964 51 80 01";"";"biblioteca@lesalqueries.com";"c/ del Mossén Juan Miralles  2";"c/ del Mossen Juan Miralles  2,12539,Alquerias del Nino Perdido,Castellon,Spain";-0.1137021;39.89669;"carrer mossèn juan miralles, 2, 12539 les alqueries, castellón, spain"
"Agencia de Lectura Municipal de Altura";"c/ San Vicente, 9";"12410";"Altura";"Castellon";"Comunidad Valenciana";"Spain";"964 14 60 42";"964 14 62 66";"biblioteca_altura@hotmail.com";"c/ San Vicente  9";"c/ San Vicente  9,12410,Altura,Castellon,Spain";-0.5103645;39.8513662;"calle san vicente, 9, 12410 altura, castellón, spain"
"Agencia de Lectura Municipal de Argelita";"Ctra. de Ludiente, s/n";"12230";"Argelita";"Castellon";"Comunidad Valenciana";"Spain";"964 61 21 39";"";"argelita_alc@gva.es";"Ctra. de Ludiente  s/n";"Ctra. de Ludiente  s/n,12230,Argelita,Castellon,Spain";-0.3506102;40.0543735;"carretera ludiente, 12230 argelita, castellón, spain"
"Agencia de Lectura Municipal de Artana";"Avda. Sierra Espadán, 114";"12527";"Artana";"Castellon";"Comunidad Valenciana";"Spain";"964 61 13 06";"";"biblio_artana@hotmail.com";"Avda. Sierra Espadán  114";"Avda. Sierra Espadan  114,12527,Artana,Castellon,Spain";-0.2571455;39.8902504;"avinguda de la serra d'espadà, 114, 12527 artana, castellón, spain"
"Agencia de Lectura Municipal de Ayódar - El Turio";"Ctra. Fuentes, 84";"12224";"Ayódar";"Castellon";"Comunidad Valenciana";"Spain";"964 61 81 29";"964 61 80 37";"ayodar_alc@gva.es";"Ctra. Fuentes  84";"Ctra. Fuentes  84,12224,Ayodar,Castellon,Spain";-0.3723087;39.9993153;"carretera fuentes, 84, 12224 ayódar, castellón, spain"
"Agencia de Lectura Municipal de Bejís";"c/ Virgen del Loreto, 2";"12430";"Bejís";"Castellon";"Comunidad Valenciana";"Spain";"964 12 01 61";"964 12 02 24";"bejis_ayt@gva.es";"c/ Virgen del Loreto  2";"c/ Virgen del Loreto  2,12430,Bejis,Castellon,Spain";-0.707508;39.9097031;"calle virgen loreto, 2, 12430 bejís, castellón, spain"
"Biblioteca Pública Municipal de Benicarló - Manel Garcia i Grau";"c/ Vi de Carlón, s/n";"12580";"Benicarló";"Castellon";"Comunidad Valenciana";"Spain";"964 47 56 60";"964 47 59 08";"correu.biblioteca@ajuntamentdebenicarlo.org";"c/ Vi de Carlón  s/n";"c/ Vi de Carlon  s/n,12580,Benicarlo,Castellon,Spain";0.4252144;40.4128172;"carrer del vi de carlon, 12580 benicarló, castellón, spain"
"Biblioteca Pública Municipal de Benicasim - F. Pérez Bayer (Casa De Cultura)";"c/ Médico Segarra, 4";"12560";"Benicasim/Benicàssim";"Castellon";"Comunidad Valenciana";"Spain";"964 30 09 62 Ext-248";"964 30 26 05";"cultura@benicassim.org";"c/ Médico Segarra  4";"c/ Medico Segarra  4,12560,Benicasim/Benicassim,Castellon,Spain";0.064265;40.055877;"ayuntamiento de benicasim, c/médico segarra, 4, 12560 benicasim, castellón, castellón, spain"
"Punto de lectura de Benicasim - Colegio Público Palmerar";"Avda. de Mohino, 53";"12560";"Benicasim/Benicàssim";"Castellon";"Comunidad Valenciana";"Spain";"964 30 09 62 Ext-248";"";"cultura@benicassim.org";"Avda. de Mohino  53";"Avda. de Mohino  53,12560,Benicasim/Benicassim,Castellon,Spain";0.0392734;40.0309765;"avenida de mohino, 53, 12560 benicasim, castellón, spain"
"Biblioteca Pública Municipal de Betxí - Manuel Ferrandis Irles";"c/ del Doctor Ortells, 1";"12549";"Betxí";"Castellon";"Comunidad Valenciana";"Spain";"964 62 25 21";"";"arxiu@betxi.es";"c/ del Doctor Ortells  1";"c/ del Doctor Ortells  1,12549,Betxi,Castellon,Spain";-0.2013405;39.9281453;"carrer del doctor ortells, 1, 12549 betxí, castellón, spain"
"Biblioteca Pública Municipal de Burriana";"Plz. La Mercé, s/n";"12530";"Borriana/Burriana";"Castellon";"Comunidad Valenciana";"Spain";"964 03 39 61";"964 51 01 84";"biblioteca.burriana@gmail.com";"Plz. La Mercé  s/n";"Plz. La Merce  s/n,12530,Borriana/Burriana,Castellon,Spain";-0.0815843;39.8882554;"plaça de la mercé, 12530 borriana, castellón, spain"
"Agencia de Lectura Municipal de Borriol";"c/ Rey Don Jaime, 7";"12190";"Borriol";"Castellon";"Comunidad Valenciana";"Spain";"964 32 21 74";"964 32 14 01";"biblio_borriol@hotmail.com";"c/ Rey Don Jaime  7";"c/ Rey Don Jaime  7,12190,Borriol,Castellon,Spain";-0.071173;40.0414979;"12190 borriol, castellón, spain"
"Agencia de Lectura Municipal de Cabanes";"c/ Teatre, s/n";"12180";"Cabanes";"Castellon";"Comunidad Valenciana";"Spain";"964 65 71 15";"964 33 14 61";"bibliocabanes@cabanes.es";"c/ Teatre  s/n";"c/ Teatre  s/n,12180,Cabanes,Castellon,Spain";0.0420846;40.1563299;"calle teatro, 12180 cabanes, castellón, spain"
"Agencia de Lectura Municipal de Castellnovo";"c/ Secano, s/n";"12413";"Castellnovo";"Castellon";"Comunidad Valenciana";"Spain";"964 13 72 96";"964 13 74 01";"bibliotecacastellnovo@gmail.com";"c/ Secano  s/n";"c/ Secano  s/n,12413,Castellnovo,Castellon,Spain";-0.4592534;39.8623201;"calle secano, 12413 castellnovo, castellón, spain"
"Biblioteca del Ilustre Colegio de Abogados de Castellón";"c/ Temprano, 15";"12002";"Castellón de la Plana/Castelló de la Plana";"Castellon";"Comunidad Valenciana";"Spain";"964 22 47 98";"964 23 94 51";"biblioteca@icacs.com";"c/ Temprano  15";"c/ Temprano  15,12002,Castellon de la Plana/Castello de la Plana,Castellon,Spain";-0.0408208;39.9825108;"12002 castellón de la plana, castellón, spain"
"Biblioteca del Colegio Territorial de Arquitectos de Castellón - CTAC";"c/ Enseñanza, 4";"12001";"Castellón de la Plana/Castelló de la Plana";"Castellon";"Comunidad Valenciana";"Spain";"964 72 35 35";"964 22 94 00";"biblioteca@ctac.es";"c/ Enseñanza  4";"c/ Ensenanza  4,12001,Castellon de la Plana/Castello de la Plana,Castellon,Spain";-0.0357028;39.9875937;"calle enseñanza, 4, 12001 castellón de la plana, castellón, spain"
"Biblioteca del Área de Estudios Económicos de la Cámara de Comercio, Industria y Navegación de Castellón";"Avda. Hermanos Bou, 79";"12003";"Castellón de la Plana/Castelló de la Plana";"Castellon";"Comunidad Valenciana";"Spain";"964 35 65 00";"964 35 65 10";"jamartinez@camaracastellon.com";"Avda. Hermanos Bou  79";"Avda. Hermanos Bou  79,12003,Castellon de la Plana/Castello de la Plana,Castellon,Spain";-0.0248913;39.9815079;"avinguda dels germans bou, 79, 12003 castellón de la plana, castellón, spain"
"Biblioteca de la Universidad Jaume I - Centro de Documentación Europea";"Campus Riu Sec, Edificio Biblioteca Central";"12071";"Castellón de la Plana/Castelló de la Plana";"Castellon";"Comunidad Valenciana";"Spain";"964 72 87 66";"964 72 87 78";"cde@sg.uji.es";"Campus Riu Sec  Edificio Biblioteca Central";"Campus Riu Sec  Edificio Biblioteca Central,12071,Castellon de la Plana/Castello de la Plana,Castellon,Spain";-0.0513246;39.9863563;"castellón de la plana, castellón, spain"
"Biblioteca Privada de la Sociedad Castellonense de Cultura";"c/ Mayor, 87";"12001";"Castellón de la Plana/Castelló de la Plana";"Castellon";"Comunidad Valenciana";"Spain";"964 72 75 08";"";"";"c/ Mayor  87";"c/ Mayor  87,12001,Castellon de la Plana/Castello de la Plana,Castellon,Spain";-0.0354032;39.9872482;"carrer major, 87, 12001 castellón de la plana, castellón, spain"
"Biblioteca Ramell";"c/ Jordi Joan , 37";"12003";"Castellón de la Plana/Castelló de la Plana";"Castellon";"Comunidad Valenciana";"Spain";"653 23 23 37";"";"ramell@grupramell.com";"c/ Jordi Joan  37";"c/ Jordi Joan  37,12003,Castellon de la Plana/Castello de la Plana,Castellon,Spain";-0.0303198;39.9837973;"12003 castellón de la plana, castellón, spain"
"Biblioteca del Centro Internacional Bancaja para la Paz y el Desarrollo - CIBPD";"c/ En medio, 82";"12001";"Castellón de la Plana/Castelló de la Plana";"Castellon";"Comunidad Valenciana";"Spain";"964 23 25 51";"964 23 02 12";"cibpd@fundacioncajacastellon.es";"c/ En medio  82";"c/ En medio  82,12001,Castellon de la Plana/Castello de la Plana,Castellon,Spain";-0.0390704;39.9870027;"12001 castellón de la plana, castellón, spain"
"Biblioteca del Colegio Oficial de Farmacéuticos de Castellón";"c/ Ebanista Hervás, 51";"12004";"Castellón de la Plana/Castelló de la Plana";"Castellon";"Comunidad Valenciana";"Spain";"964 23 64 70";"964 22 31 94";"";"c/ Ebanista Hervás  51";"c/ Ebanista Hervas  51,12004,Castellon de la Plana/Castello de la Plana,Castellon,Spain";-0.0340356;39.9913823;"carrer de l'ebenista hervás, 51, 12004 castellón de la plana, castellón, spain"
"Biblioteca del Casino Antiguo de Castellón";"c/ Puerta del Sol, 1";"12001";"Castellón de la Plana/Castelló de la Plana";"Castellon";"Comunidad Valenciana";"Spain";"964 22 35 00";"964 22 35 00";"correo@casinoantiguo.es";"c/ Puerta del Sol  1";"c/ Puerta del Sol  1,12001,Castellon de la Plana/Castello de la Plana,Castellon,Spain";-0.0387555;39.984499;"plaça porta del sol, 1, 12001 castellón de la plana, castellón, spain"
"Biblioteca del Colegio Oficial de Veterinarios de Castellón";"c/ Anseni, 12";"12002";"Castellón de la Plana/Castelló de la Plana";"Castellon";"Comunidad Valenciana";"Spain";"964 22 59 83";"964 72 48 77";"castellon@colvet.es";"c/ Anseni  12";"c/ Anseni  12,12002,Castellon de la Plana/Castello de la Plana,Castellon,Spain";-0.0408208;39.9825108;"12002 castellón de la plana, castellón, spain"
"Biblioteca-Hemeroteca del Archivo Municipal de Castellón";"c/ Gaibiel, 4";"12003";"Castellón de la Plana/Castelló de la Plana";"Castellon";"Comunidad Valenciana";"Spain";"964 22 34 08";"";"";"c/ Gaibiel  4";"c/ Gaibiel  4,12003,Castellon de la Plana/Castello de la Plana,Castellon,Spain";-0.0333351;39.9879651;"calle gaibiel, 4, 12003 castellón de la plana, castellón, spain"
"Biblioteca del Seminario Diocesano Mater Dei";"Ctra. Valencia-Barcelona, s/n";"12080";"Castellón de la Plana/Castelló de la Plana";"Castellon";"Comunidad Valenciana";"Spain";"964 39 85 20";"964 39 85 44";"administracion.md@planalfa.es";"Ctra. Valencia-Barcelona  s/n";"Ctra. Valencia-Barcelona  s/n,12080,Castellon de la Plana/Castello de la Plana,Castellon,Spain";-0.0513246;39.9863563;"castellón de la plana, castellón, spain"
"Agencia de Lectura Municipal de Castellón de la Plana - La Salera";"Cuadra de la Salera, s/n";"12006";"Castellón de la Plana/Castelló de la Plana";"Castellon";"Comunidad Valenciana";"Spain";"964 24 10 40";"964 24 68 91";"castello_bib@gva.es";"Cuadra de la Salera  s/n";"Cuadra de la Salera  s/n,12006,Castellon de la Plana/Castello de la Plana,Castellon,Spain";-0.0597601;39.9855559;"quadra-cuadra de la salera, 12006 castellón de la plana, castellón, spain"
"Bibliobús de Castellón de la Plana";"Avda. Vall D'Uixó, 25";"12004";"Castellón de la Plana/Castelló de la Plana";"Castellon";"Comunidad Valenciana";"Spain";"606 39 99 01";"964 35 94 49";"bibliobus@dipcas.es";"Avda. Vall D'Uixó  25";"Avda. Vall D'Uixo  25,12004,Castellon de la Plana/Castello de la Plana,Castellon,Spain";-0.0488195;39.9917566;"carrer de la vall d'uixó, 25, 12004 castellón de la plana, castellón, spain"
"Agencia de Lectura Municipal de Castellón de la Plana - Hermanos Bou";"c/ Hermanos Bou, 26";"12006";"Castellón de la Plana/Castelló de la Plana";"Castellon";"Comunidad Valenciana";"Spain";"964 22 93 64";"";"castello-bib@gva.es";"c/ Hermanos Bou  26";"c/ Hermanos Bou  26,12006,Castellon de la Plana/Castello de la Plana,Castellon,Spain";-0.0311989;39.9829424;"avinguda dels germans bou, 26, 12003 castellón de la plana, castellón, spain"
"Agencia de Lectura Municipal de Castellón de la Plana - Primer Molí";"Plz. Primer Molí, s/n";"12004";"Castellón de la Plana/Castelló de la Plana";"Castellon";"Comunidad Valenciana";"Spain";"964 22 40 28";"";"castello-bibl@gva.es";"Plz. Primer Molí  s/n";"Plz. Primer Moli  s/n,12004,Castellon de la Plana/Castello de la Plana,Castellon,Spain";-0.0513246;39.9863563;"castellón de la plana, castellón, spain"
"Agencia de Lectura Municipal de Castellón de la Plana - Antigua Estación";"Plz. España, s/n";"12002";"Castellón de la Plana/Castelló de la Plana";"Castellon";"Comunidad Valenciana";"Spain";"964 20 36 50";"";"castello-bib@gva.es";"Plz. España  s/n";"Plz. Espana  s/n,12002,Castellon de la Plana/Castello de la Plana,Castellon,Spain";-0.0446569;39.9881472;"plaça d'espanya, 12002 castellón de la plana, castellón, spain"
"Agencia de Lectura Municipal de Castellón de la Plana - Manuel Azaña";"c/ Manuel Azaña, 8";"12006";"Castellón de la Plana/Castelló de la Plana";"Castellon";"Comunidad Valenciana";"Spain";"964 20 36 59";"";"castello-bib@gva.es";"c/ Manuel Azaña  8";"c/ Manuel Azana  8,12006,Castellon de la Plana/Castello de la Plana,Castellon,Spain";-0.0524125;39.9742668;"carrer de manuel azaña, 8, 12006 castellón de la plana, castellón, spain"
"Biblioteca Publica Municipal - San Agustín-San Marcos";"c/ Albacete, 27";"12004";"Castellón de la Plana/Castelló de la Plana";"Castellon";"Comunidad Valenciana";"Spain";"964 25 40 09";"";"castello-bib@gva.es";"c/ Albacete  27";"c/ Albacete  27,12004,Castellon de la Plana/Castello de la Plana,Castellon,Spain";-0.047593;40.0006111;"carrer albacete, 27, 12004 castellón de la plana, castellón, spain"
"Biblioteca Publica Municipal de Castellón de la Plana - Joan Baptista Campos Cruañes";"Avda. del Puerto, s/n , Edificio Casal Jove";"12100";"Castellón de la Plana/Castelló de la Plana";"Castellon";"Comunidad Valenciana";"Spain";"964 28 21 22";"";"castello-bib@gva.es";"Avda. del Puerto  s/n ";"Avda. del Puerto  s/n ,12100,Castellon de la Plana/Castello de la Plana,Castellon,Spain";0.0090359;39.9725795;"avinguda del port, 12100, castellón, spain"
"Biblioteca Pública del Estado en Castellón";"c/ Rafalafena, 29";"12003";"Castellón de la Plana/Castelló de la Plana";"Castellon";"Comunidad Valenciana";"Spain";"964 55 83 80";"964 55 83 81";"bpec@gva.es";"c/ Rafalafena  29";"c/ Rafalafena  29,12003,Castellon de la Plana/Castello de la Plana,Castellon,Spain";-0.0308648;39.9884317;"carrer de rafalafena, 29, 12003 castellón de la plana, castellón, spain"
"Biblioteca Pública Municipal de Castellón de la Plana - Central";"c/ Mayor, 89";"12001";"Castellón de la Plana/Castelló de la Plana";"Castellon";"Comunidad Valenciana";"Spain";"964 22 95 02";"967 38 30 25";"castello_bib@gva.es";"c/ Mayor  89";"c/ Mayor  89,12001,Castellon de la Plana/Castello de la Plana,Castellon,Spain";-0.0353559;39.9873165;"carrer major, 89, 12001 castellón de la plana, castellón, spain"
"Biblioteca de la Audiencia Provincial de Castellón de la Plana";"Bulevar Blasco Ibáñez, 1-10, Ciudad de la Justicia";"12003";"Castellón de la Plana/Castelló de la Plana";"Castellon";"Comunidad Valenciana";"Spain";"964 62 17 38";"";"csap01_cas@gva.es";"Bulevar Blasco Ibáñez  1-10";"Bulevar Blasco Ibanez  1-10,12003,Castellon de la Plana/Castello de la Plana,Castellon,Spain";-0.0267238;39.9850425;"calle vicente blasco ibáñez, 1, 12003 castellón de la plana, castellón, spain"
"Biblioteca Auxiliar del Archivo Histórico Provincial de Castellón";"c/ Rafalafena, 29";"12003";"Castellón de la Plana/Castelló de la Plana";"Castellon";"Comunidad Valenciana";"Spain";"964 22 43 09";"964 23 64 57";"bpec@gva.es";"c/ Rafalafena  29";"c/ Rafalafena  29,12003,Castellon de la Plana/Castello de la Plana,Castellon,Spain";-0.0308648;39.9884317;"carrer de rafalafena, 29, 12003 castellón de la plana, castellón, spain"
"Biblioteca del Centro Penitenciario de Castellón";"Ctra. Alcora, km. 10";"12006";"Castellón de la Plana/Castelló de la Plana";"Castellon";"Comunidad Valenciana";"Spain";"964 24 20 00";"964 24 92 92";"";"Ctra. Alcora  km. 10";"Ctra. Alcora  km. 10,12006,Castellon de la Plana/Castello de la Plana,Castellon,Spain";-0.0649449;39.9880413;"carretera alcora, 10, 12006 castellón de la plana, castellón, spain"
"Agencia de Lectura Municipal de Castellón de la Plana - Censal";"Avda. Casalduch, 85";"12005";"Castellón de la Plana/Castelló de la Plana";"Castellon";"Comunidad Valenciana";"Spain";"964 25 62 93";"";"";"Avda. Casalduch  85";"Avda. Casalduch  85,12005,Castellon de la Plana/Castello de la Plana,Castellon,Spain";-0.0467791;39.9738815;"avinguda de casalduch, 85, 12005 castellón de la plana, castellón, spain"
"Escuela Universitaria de Enfermería - Nuestra Señora del Sagrado Corazón S.V.S";"Avda. de Benicasim, s/n";"12004";"Castellón de la Plana/Castelló de la Plana";"Castellon";"Comunidad Valenciana";"Spain";"964 72 68 40";"964 72 66 50";"eue_hgcs@gva.es";"Avda. de Benicasim  s/n";"Avda. de Benicasim  s/n,12004,Castellon de la Plana/Castello de la Plana,Castellon,Spain";-0.0421944;40.0042656;"avinguda de benicàssim, 12004, castellón, spain"
"Biblioteca CEFIRE de Castellón de la Plana - Centro de Formación, Innovación y Recursos Educativos";"c/ José Pradas Gallén, s/n, Edificio B, 2º";"12006";"Castellón de la Plana/Castelló de la Plana";"Castellon";"Comunidad Valenciana";"Spain";"964 23 95 88";"964 23 98 11";"bibliocastello@edu.gva.es";"c/ José Pradas Gallén  s/n";"c/ Jose Pradas Gallen  s/n,12006,Castellon de la Plana/Castello de la Plana,Castellon,Spain";-0.0612782;39.9926461;"calle de josé pradas gallén, 12006 castellón de la plana, castellón, spain"
"Biblioteca Universitaria Jaume I";"Avda. de Vicent Sos Baynat, s/n, Campus del Riu Sec";"12071";"Castellón de la Plana/Castelló de la Plana";"Castellon";"Comunidad Valenciana";"Spain";"964 72 87 61";"964 72 87 78";"biblioteca@uji.es";"Avda. de Vicent Sos Baynat  s/n";"Avda. de Vicent Sos Baynat  s/n,12071,Castellon de la Plana/Castello de la Plana,Castellon,Spain";-0.0699942;39.9940068;"james i university, av. de vicent sos baynat, s/n, 12071 castellón de la plana, castellón, spain"
"Biblioteca del Museo de Bellas Artes de Castellón";"Avda. de los Hermanos Bou, 28";"12003";"Castellón de la Plana/Castelló de la Plana";"Castellon";"Comunidad Valenciana";"Spain";"964 72 75 26";"964 72 75 21";"biblioteca@culturalcas.com";"Avda. de los Hermanos Bou  28";"Avda. de los Hermanos Bou  28,12003,Castellon de la Plana/Castello de la Plana,Castellon,Spain";-0.0300268;39.9826363;"avinguda dels germans bou, 28, 12003 castellón de la plana, castellón, spain"
"Centro de Documentación del Instituto de Tecnología Cerámica - ITC - AICE";"Avda. Vicent Sos Baynat-Campus Riu Sec , s/n";"12006";"Castellón de la Plana/Castelló de la Plana";"Castellon";"Comunidad Valenciana";"Spain";"964 34 24 24";"964 34 24 25";"mjose@itc.uji.es";"Avda. Vicent Sos Baynat-Campus Riu Sec  s/n";"Avda. Vicent Sos Baynat-Campus Riu Sec  s/n,12006,Castellon de la Plana/Castello de la Plana,Castellon,Spain";-0.0513246;39.9863563;"castellón de la plana, castellón, spain"
"Centro de Documentación del Instituto de Promoción Cerámica";"Avda. Vall d'Uixó, 25";"12004";"Castellón de la Plana/Castelló de la Plana";"Castellon";"Comunidad Valenciana";"Spain";"964 35 99 02";"964 35 99 40";"ipcdip@dipcas.es";"Avda. Vall d'Uixó  25";"Avda. Vall d'Uixo  25,12004,Castellon de la Plana/Castello de la Plana,Castellon,Spain";-0.0488195;39.9917566;"carrer de la vall d'uixó, 25, 12004 castellón de la plana, castellón, spain"
"Biblioteca del Servicio de Investigaciones Arqueológicas y Prehistóricas - SIAP";"Avda. Hermanos Bou, 28, Edifici Museu";"12080";"Castellón de la Plana/Castelló de la Plana";"Castellon";"Comunidad Valenciana";"Spain";"964 35 98 69";"964 35 95 81";"arqueologia@dipcas.es";"Avda. Hermanos Bou  28";"Avda. Hermanos Bou  28,12080,Castellon de la Plana/Castello de la Plana,Castellon,Spain";-0.0300268;39.9826363;"avinguda dels germans bou, 28, 12003 castellón de la plana, castellón, spain"
"Biblioteca Auxiliar del Archivo de la Diputación Provincial de Castellón de la Plana";"Avda. Vall d'Vixo, 25, 2";"12004";"Castellón de la Plana/Castelló de la Plana";"Castellon";"Comunidad Valenciana";"Spain";"964 35 97 04";"964 35 99 16";"archivo@dipcas.es";"Avda. Vall d'Vixo  25";"Avda. Vall d'Vixo  25,12004,Castellon de la Plana/Castello de la Plana,Castellon,Spain";-0.0513246;39.9863563;"castellón de la plana, castellón, spain"
"Biblioteca Casa Abadia Fundacio Caixa Castelló Bancaixa - Fundacio Caixa Castelló";"Plz. de la Hierba, s/n";"12001";"Castellón de la Plana/Castelló de la Plana";"Castellon";"Comunidad Valenciana";"Spain";"964 23 20 24";"";"casabadia@fundacioncajacastellon.es";"Plz. de la Hierba  s/n";"Plz. de la Hierba  s/n,12001,Castellon de la Plana/Castello de la Plana,Castellon,Spain";-0.0390704;39.9870027;"12001 castellón de la plana, castellón, spain"
"Biblioteca del Hospital General de Castellón";"Avda. de Benicasim, s/n";"12004";"Castellón de la Plana/Castelló de la Plana";"Castellon";"Comunidad Valenciana";"Spain";"964 72 65 00 Ext. 54040";"964 72 65 57";"queral_lin@gva.es";"Avda. de Benicasim  s/n";"Avda. de Benicasim  s/n,12004,Castellon de la Plana/Castello de la Plana,Castellon,Spain";-0.0421944;40.0042656;"avinguda de benicàssim, 12004, castellón, spain"
"Biblioteca de Pacientes del Hospital La Magdalena";"Cuadra Collet - Partida Bovalar, 32";"12004";"Castellón de la Plana/Castelló de la Plana";"Castellon";"Comunidad Valenciana";"Spain";"964 35 68 00";"964 73 00 87";"garces_glo@gva.es";"Cuadra Collet - Partida Bovalar  32";"Cuadra Collet - Partida Bovalar  32,12004,Castellon de la Plana/Castello de la Plana,Castellon,Spain";-0.0513246;39.9863563;"castellón de la plana, castellón, spain"
"Biblioteca de la Dirección General de la Mujer y por la Igualdad";"c/ Enseñanza, 10";"12001";"Castellón de la Plana/Castelló de la Plana";"Castellon";"Comunidad Valenciana";"Spain";"964 22 80 14";"964 23 95 67";"biblioteca.dgmi_cast@gva.es";"c/ Enseñanza  10";"c/ Ensenanza  10,12001,Castellon de la Plana/Castello de la Plana,Castellon,Spain";-0.0354603;39.9875339;"calle enseñanza, 10, 12001 castellón de la plana, castellón, spain"
"Biblioteca del Paciente Hospital General de Castellón";"Avda. de Benicasim, s/n";"12004";"Castellón de la Plana/Castelló de la Plana";"Castellon";"Comunidad Valenciana";"Spain";"964 72 65 00";"964 72 65 57";"Queral-lin@gva.es";"Avda. de Benicasim  s/n";"Avda. de Benicasim  s/n,12004,Castellon de la Plana/Castello de la Plana,Castellon,Spain";-0.0421944;40.0042656;"avinguda de benicàssim, 12004, castellón, spain"
"Agencia de Lectura Municipal de Catí";"c/ Major, 9";"12513";"Catí";"Castellon";"Comunidad Valenciana";"Spain";"964 40 90 81 (Ayuntamiento)";"964 40 91 54 (Ayuntamiento)";"";"c/ Major  9";"c/ Major  9,12513,Cati,Castellon,Spain";0.0227376;40.4713618;"12513 catí, castellón, spain"
"Agencia de Lectura Municipal de Caudiel";"Plz. de España, 1";"12440";"Caudiel";"Castellon";"Comunidad Valenciana";"Spain";"679 41 02 69";"964 14 40 58";"marianambros@hotmail.com";"Plz. de España  1";"Plz. de Espana  1,12440,Caudiel,Castellon,Spain";-0.5684143;39.9468361;"plaza españa, 1, 12440 caudiel, castellón, spain"
"Biblioteca Escolar Pública de Cervera del Maestre";"c/ Santa Bárbara, 1";"12578";"Cervera del Maestre";"Castellon";"Comunidad Valenciana";"Spain";"964 49 80 01";"964 49 82 83";"";"c/ Santa Bárbara  1";"c/ Santa Barbara  1,12578,Cervera del Maestre,Castellon,Spain";0.2765983;40.4543818;"calle santa bárbara, 1, 12578 cervera del maestre, castellón, spain"
"Biblioteca Pública Municipal de Xilxes";"Avda. Jaume I, 6";"12592";"Chilches/Xilxes";"Castellon";"Comunidad Valenciana";"Spain";"964 58 33 70";"964 59 04 25";"biblioteca@xilxes.es";"Avda. Jaume I  6";"Avda. Jaume I  6,12592,Chilches/Xilxes,Castellon,Spain";-0.1904906;39.7801486;"avenida jaime i, 6, 12592 chilches, castellón, spain"
"Agencia de Lectura Municipal de Cirat";"c/ San Bernardo, 1";"12231";"Cirat";"Castellon";"Comunidad Valenciana";"Spain";"964 14 31 13";"964 14 32 40";"juancirat@hotmail.com";"c/ San Bernardo  1";"c/ San Bernardo  1,12231,Cirat,Castellon,Spain";-0.4630188;40.0552652;"plaza san bernardo, 1, 12231 cirat, castellón, spain"
"Agencia de Lectura Municipal de Cortes de Arenoso";"c/ Mayor , 1";"12127";"Cortes de Arenoso";"Castellon";"Comunidad Valenciana";"Spain";"964 38 31 10";"967 38 30 25";"info@cortesdearenoso.es";"c/ Mayor  1";"c/ Mayor  1,12127,Cortes de Arenoso,Castellon,Spain";-0.5014;40.13816;"calle mayor, 1, 12126 san vicente de piedrahita, castellón, spain"
"Agencia de Lectura Municipal de Costur";"Plz. Església, 7";"12119";"Costur";"Castellon";"Comunidad Valenciana";"Spain";"964 38 80 13";"964 38 84 63";"costur_sec@gva.es";"Plz. Església  7";"Plz. Esglesia  7,12119,Costur,Castellon,Spain";-0.1736111;40.1205189;"calle iglesia, 7, 12119 costur, castellón, spain"
"Agencia de Lectura Municipal de El Toro";"c/ Valencia, s/n";"12429";"El Toro";"Castellon";"Comunidad Valenciana";"Spain";"964 12 30 01";"964 12 30 42";"eltoro.secretaria@cv.gva.es";"c/ Valencia  s/n";"c/ Valencia  s/n,12429,El Toro,Castellon,Spain";-0.7491223;39.9820316;"12429 el toro, castellón, spain"
"Agencia de Lectura Municipal de Eslida";"c/ Princep Felip , 49";"12528";"Eslida";"Castellon";"Comunidad Valenciana";"Spain";"964 62 80 00 (Ayuntamiento)";"964 62 80 25 (Ayuntamiento)";"";"c/ Princep Felip  49";"c/ Princep Felip  49,12528,Eslida,Castellon,Spain";-0.3070386;39.8818176;"carrer del príncep felip, 49, 12528 eslida, castellón, spain"
"Agencia de Lectura Municipal de Fanzara";"Plz. Obispo Granell, 1";"12230";"Fanzara";"Castellon";"Comunidad Valenciana";"Spain";"964 61 90 01";"964 61 90 09";"fanzara_alc@gva.es";"Plz. Obispo Granell  1";"Plz. Obispo Granell  1,12230,Fanzara,Castellon,Spain";-0.3156571;40.0191705;"plaza obispo granell, 1, 12230 fanzara, castellón, spain"
"Agencia de Lectura Municipal de Figueroles";"Plz. de la Iglesia , 1";"12122";"Figueroles";"Castellon";"Comunidad Valenciana";"Spain";"964 38 15 73";"964 38 16 33";"figueroles_ayt@gva.es";"Plz. de la Iglesia  1";"Plz. de la Iglesia  1,12122,Figueroles,Castellon,Spain";-0.2380185;40.1176359;"plaza iglesia, 12122 figueroles, castellón, spain"
"Agencia de Lectura Municipal de Forcall";"Plz. Mayor, 13";"12310";"Forcall";"Castellon";"Comunidad Valenciana";"Spain";"964 17 10 01";"964 17 10 01";"aguelota@yahoo.es";"Plz. Mayor  13";"Plz. Mayor  13,12310,Forcall,Castellon,Spain";-0.1995055;40.6458135;"plaza mayor, 13, 12310 forcall, castellón, spain"
"Agencia de Lectura Municipal de Fuentes de Ayódar";"Plz. Salvador Segarra, 15";"12225";"Fuentes de Ayódar";"Castellon";"Comunidad Valenciana";"Spain";"964 61 80 34";"964 61 80 85";"";"Plz. Salvador Segarra  15";"Plz. Salvador Segarra  15,12225,Fuentes de Ayodar,Castellon,Spain";-0.4204714;40.021206;"12225 fuentes de ayódar, castellón, spain"
"Agencia de Lectura Municipal de Geldo";"Avda. Castellón, 18";"12412";"Geldo";"Castellon";"Comunidad Valenciana";"Spain";"964 71 12 09";"964 71 12 09";"";"Avda. Castellón  18";"Avda. Castellon  18,12412,Geldo,Castellon,Spain";-0.4675172;39.8355379;"avenida castellón, 18, 12412 geldo, castellón, spain"
"Agencia de Lectura Municipal de Jérica";"c/ del Río, 2";"12450";"Jérica";"Castellon";"Comunidad Valenciana";"Spain";"964 12 91 73";"964 12 90 45";"biblioteca@jerica.es";"c/ del Río  2";"c/ del Rio  2,12450,Jerica,Castellon,Spain";-0.5727979;39.9123921;"calle río, 2, 12450 jérica, castellón, spain"
"Biblioteca Pública Municipal de L'Alcora";"c/ Agua, 6";"12110";"L' Alcora";"Castellon";"Comunidad Valenciana";"Spain";"964 36 73 22";"964 38 64 55";"biblioteca@alcora.org";"c/ Agua  6";"c/ Agua  6,12110,L' Alcora,Castellon,Spain";-0.21161;40.0768;"calle agua, 6, 12110 l'alcora, castellón, spain"
"Biblioteca Escolar Pública de La Jana";"c/ Escoles, 1";"12340";"La Jana";"Castellon";"Comunidad Valenciana";"Spain";"964 49 71 30";"";"ajuntament@lajana.net";"c/ Escoles  1";"c/ Escoles  1,12340,La Jana,Castellon,Spain";0.2528431;40.5112382;"carrer de les escoles, 1, 12340 la jana, castellón, spain"
"Agencia de Lectura Municipal La Llosa";"Plz. de España, 3";"12591";"La Llosa";"Castellon";"Comunidad Valenciana";"Spain";"962 61 05 42";"";"ayuntamiento@lallosa.es";"Plz. de España  3";"Plz. de Espana  3,12591,La Llosa,Castellon,Spain";-0.2069668;39.7688664;"plaza de españa, 3, 12591 la llosa, castellón, spain"
"Agencia de Lectura Municipal de La Pobla Tornesa";"c/ Enmig, 2";"12191";"La Pobla Tornesa";"Castellon";"Comunidad Valenciana";"Spain";"964 33 83 21";"964 33 80 03";"bibliopobla@gmail.com";"c/ Enmig  2";"c/ Enmig  2,12191,La Pobla Tornesa,Castellon,Spain";-0.0007328;40.1005932;"carrer d'enmig, 2, 12191 la pobla tornesa, castellón, spain"
"Agencia de Lectura Municipal de La Vall d'Uixó - Lleonard Mingarro";"Travesía de Albacete, s/n";"12600";"La Vall d'Uixó";"Castellon";"Comunidad Valenciana";"Spain";"964 69 67 41";"";"biblioteca@lavallduixo.es";"Travesía de Albacete  s/n";"Travesia de Albacete  s/n,12600,La Vall d'Uixo,Castellon,Spain";-0.222357;39.8271755;"travesía albacete travesía 2, 12600 la vall d'uixó, castellón, spain"
"Biblioteca Pública Municipal de La Vall d'Uixó - María Dolores García Sánchez";"Plz. Del Mercat, 2";"12600";"La Vall d'Uixó";"Castellon";"Comunidad Valenciana";"Spain";"964 69 65 36";"964 66 76 62";"biblioteca@lavallduixo.es";"Plz. Del Mercat  2";"Plz. Del Mercat  2,12600,La Vall d'Uixo,Castellon,Spain";-0.2265752;39.7531128;"plaça del mercat, 2, 12590 almenara, castellón, spain"
"Biblioteca Pública Municipal de La Vilavella";"c/ Santa Bárbara, 4 , 2º";"12526";"La Vilavella";"Castellon";"Comunidad Valenciana";"Spain";"964 67 74 48";"964 67 76 35";"biblioteca@lavilavella.es";"c/ Santa Bárbara  4 ";"c/ Santa Barbara  4 ,12526,La Vilavella,Castellon,Spain";-0.18959;39.85785;"urbanizacion santa barbara p, 4, 12526 la vilavella, castellón, spain"
"Agencia de Lectura Municipal de Les Coves de Vinromà - Joan Fuster";"Plz. Cervantes, s/n";"12185";"Les Coves de Vinromà";"Castellon";"Comunidad Valenciana";"Spain";"964 42 60 03";"964 42 60 02";"biblio1996@gmail.com";"Plz. Cervantes  s/n";"Plz. Cervantes  s/n,12185,Les Coves de Vinroma,Castellon,Spain";0.1193731;40.3113447;"plaza cervantes, 12185 les coves de vinromà, castellón, spain"
"Biblioteca Pública Municipal de Lucena del Cid";"Plz. de España, 22";"12120";"Lucena del Cid";"Castellon";"Comunidad Valenciana";"Spain";"964 38 00 01";"964 38 03 17";"aytolucena@terra.es";"Plz. de España  22";"Plz. de Espana  22,12120,Lucena del Cid,Castellon,Spain";-0.2802226;40.1379944;"plaza españa, 22, 12120 lucena del cid, castellón, spain"
"Agencia de Lectura Municipal de Moncofa";"Plz. De la Constitución, 5";"12593";"Moncofa";"Castellon";"Comunidad Valenciana";"Spain";"964 57 92 73";"964 58 03 48";"biblioteca@moncofa.com";"Plz. De la Constitución  5";"Plz. De la Constitucion  5,12593,Moncofa,Castellon,Spain";-0.1458286;39.8072967;"plaza constitución, 5, 12593 moncofa, castellón, spain"
"Agencia de Lectura Municipal de Montán";"Avda. Antonio Fornás, 10";"12447";"Montán";"Castellon";"Comunidad Valenciana";"Spain";"964 13 10 02 (Ayuntamiento)";"964 13 12 67 (Ayuntamiento)";"montan@fvmp.es";"Avda. Antonio Fornás  10";"Avda. Antonio Fornas  10,12447,Montan,Castellon,Spain";-0.5530699;40.0356;"avenida antonio fornas, 10, 12447 montán, castellón, spain"
"Biblioteca Pública de Morella";"c/ Colomer, 4, Bajo";"12300";"Morella";"Castellon";"Comunidad Valenciana";"Spain";"964 16 09 87";"";"";"c/ Colomer  4";"c/ Colomer  4,12300,Morella,Castellon,Spain";-0.1045821;40.6203691;"calle colomer, 4, 12300 morella, castellón, spain"
"Biblioteca del Decanato de Nules";"Avda. Marqués Santacruz, 15";"12520";"Nules";"Castellon";"Comunidad Valenciana";"Spain";"964 67 30 51";"";"palacios_manben@gva.es";"Avda. Marqués Santacruz  15";"Avda. Marques Santacruz  15,12520,Nules,Castellon,Spain";-0.156106;39.8571186;"avinguda marqués de santa cruz, 15, 12520 nules, castellón, spain"
"Biblioteca Pública Municipal de Nules";"c/ Mayor, 57";"12520";"Nules";"Castellon";"Comunidad Valenciana";"Spain";"964 67 06 35";"964 67 49 31";"biblioteca@nules.es";"c/ Mayor  57";"c/ Mayor  57,12520,Nules,Castellon,Spain";-0.1554681;39.8529511;"carrer major, 57, 12520 nules, castellón, spain"
"Biblioteca Pública Municipal de Onda";"c/ Balmes, 2";"12200";"Onda";"Castellon";"Comunidad Valenciana";"Spain";"964 77 11 93";"964 77 64 32";"biblioteca@onda.es";"c/ Balmes  2";"c/ Balmes  2,12200,Onda,Castellon,Spain";-0.267186;39.9634367;"calle balmes, 2, 12200 onda, castellón, spain"
"Agencia de Lectura Municipal de Oropesa del Mar";"c/ Velázquez, 45";"12594";"Oropesa del Mar/Orpesa";"Castellon";"Comunidad Valenciana";"Spain";"964 31 35 74";"";"biblioteca@oropesadelmar.es";"c/ Velázquez  45";"c/ Velazquez  45,12594,Oropesa del Mar/Orpesa,Castellon,Spain";0.1379735;40.0918153;"carrer de velázquez, 45, 12594 orpesa/oropesa del mar, castellón, spain"
"Biblioteca Pública Municipal de Peñíscola";"c/ del Mestre Bayarri, 2, 3º";"12598";"Peníscola/Peñíscola";"Castellon";"Comunidad Valenciana";"Spain";"964 47 78 00";"968 48 92 12";"biblioteca@peniscola.org";"c/ del Mestre Bayarri  2";"c/ del Mestre Bayarri  2,12598,Peniscola/Peniscola,Castellon,Spain";0.3913172;40.3668829;"peñíscola, castellón, spain"
"Agencia de Lectura Municipal de Ribesalbes";"c/ Castellón, 12";"12210";"Ribesalbes";"Castellon";"Comunidad Valenciana";"Spain";"964 62 50 01";"964 61 00 49";"biblioriber@hotmail.com";"c/ Castellón  12";"c/ Castellon  12,12210,Ribesalbes,Castellon,Spain";-0.2770307;40.0225709;"calle castellón, 12, 12210 ribesalbes, castellón, spain"
"Agencia de Lectura Municipal de Rossell";"c/ Placeta , 7, Centro Cívico Molí Vell";"12511";"Rossell";"Castellon";"Comunidad Valenciana";"Spain";"977 57 12 02";"977 57 13 82";"bibliotecarossell@hotmail.com";"c/ Placeta  7";"c/ Placeta  7,12511,Rossell,Castellon,Spain";0.2234602;40.6187347;"calle placeta, 7, 12511 rossell, castellón, spain"
"Agencia de Lectura Municipal de Sant Joan de Moró";"Plz. Joan Renau, s/n";"12130";"Sant Joan de Moró";"Castellon";"Comunidad Valenciana";"Spain";"964 70 11 00";"964 70 11 51";"bibliotecasjmoro@gmail.com";"Plz. Joan Renau  s/n";"Plz. Joan Renau  s/n,12130,Sant Joan de Moro,Castellon,Spain";-0.1373439;40.0606915;"plaça de joan renau, 12130 sant joan de moró, castellón, spain"
"Agencia de Lectura Municipal de Sant Mateu";"c/ Santo Domingo, 34, 1º";"12170";"Sant Mateu";"Castellon";"Comunidad Valenciana";"Spain";"964 15 60 22";"";"patronatcultura@santmateu.com";"c/ Santo Domingo  34";"c/ Santo Domingo  34,12170,Sant Mateu,Castellon,Spain";0.1814478;40.4657912;"carrer de sant domenech, 34, 12170 sant mateu, castellón, spain"
"Agencia de Lectura Municipal de Santa Magdalena de Pulpis";"Plz. España, 9";"12597";"Santa Magdalena de Pulpis";"Castellon";"Comunidad Valenciana";"Spain";"964 41 50 70 (Ayuntamiento)";"";"ayuntsantamagdalena@yahoo.es";"Plz. España  9";"Plz. Espana  9,12597,Santa Magdalena de Pulpis,Castellon,Spain";0.3028727;40.3563754;"plaça espanya, 9, 12597 santa magdalena de polpís, castellón, spain"
"Biblioteca-Archivo Capitular de la Catedral de Segorbe";"c/ San Cristóbal, 5";"12400";"Segorbe";"Castellon";"Comunidad Valenciana";"Spain";"964 71 38 23";"";"archivo@catedraldesegorbe.es";"c/ San Cristóbal  5";"c/ San Cristobal  5,12400,Segorbe,Castellon,Spain";-0.4884513;39.8526421;"calle san cristóbal, 5, 12400 segorbe, castellón, spain"
"Biblioteca Diocesana del Seminario de Segorbe";"c/ Valencia, 9";"12400";"Segorbe";"Castellon";"Comunidad Valenciana";"Spain";"964 71 01 00";"964 71 07 01";"sndiocesanav@planalfa.es";"c/ Valencia  9";"c/ Valencia  9,12400,Segorbe,Castellon,Spain";-0.4875999;39.8509447;"calle de valencia, 9, 12400 segorbe, castellón, spain"
"Biblioteca Pública Municipal de Segorbe - Obispo Juan Bautista Pérez";"c/ Cronista Jaime Faus, s/n";"12400";"Segorbe";"Castellon";"Comunidad Valenciana";"Spain";"964 71 37 51";"964 71 23 62";"centrocultural@segorbe.es";"c/ Cronista Jaime Faus  s/n";"c/ Cronista Jaime Faus  s/n,12400,Segorbe,Castellon,Spain";-0.4903524;39.8491635;"12400 segorbe, castellón, spain"
"Agencia de Lectura Municipal - Peñalba";"c/ Geldo, 5";"12414";"Segorbe";"Castellon";"Comunidad Valenciana";"Spain";"964 71 32 76";"";"";"c/ Geldo  5";"c/ Geldo  5,12414,Segorbe,Castellon,Spain";-0.4745822;39.8618662;"calle geldo, 5, 12400 segorbe, castellón, spain"
"Agencia de Lectura Municipal de Soneja";"c/ Mayor, 70";"12480";"Soneja";"Castellon";"Comunidad Valenciana";"Spain";"964 13 50 85";"964 13 55 13";"biblioteca@soneja.com";"c/ Mayor  70";"c/ Mayor  70,12480,Soneja,Castellon,Spain";-0.4309931;39.8150985;"calle mayor, 70, 12480 soneja, castellón, spain"
"Agencia de Lectura Municipal de Sot de Ferrer";"c/ Valencia, 41";"12489";"Sot de Ferrer";"Castellon";"Comunidad Valenciana";"Spain";"964 13 51 58";"964 13 51 27";"aytosot@hotmail.com";"c/ Valencia  41";"c/ Valencia  41,12489,Sot de Ferrer,Castellon,Spain";-0.409454;39.805838;"calle valencia, 41, 12489 sot de ferrer, castellón, spain"
"Biblioteca Escolar Pública de Sueras";"Avda. Jaume I, s/n";"12223";"Sueras/Suera";"Castellon";"Comunidad Valenciana";"Spain";"964 61 73 75";"964 61 72 55";"";"Avda. Jaume I  s/n";"Avda. Jaume I  s/n,12223,Sueras/Suera,Castellon,Spain";-0.3345269;39.9510469;"avenida jaime i, 1, 12223 suera, castellón, spain"
"Agencia de Lectura Municipal de Tales";"c/ Constitució, 1";"12221";"Tales";"Castellon";"Comunidad Valenciana";"Spain";"964 61 30 08";"964 61 30 08";"tales_paz@gva.es";"c/ Constitució  1";"c/ Constitucio  1,12221,Tales,Castellon,Spain";-0.3078675;39.9484558;"carrer constitució, 1, 12221 tales, castellón, spain"
"Agencia de Lectura Municipal de Torralba del Pinar";"c/ Horno, 13";"12225";"Torralba del Pinar";"Castellon";"Comunidad Valenciana";"Spain";"964 61 81 06";"964 61 82 33";"torralba_alc@gva.es";"c/ Horno  13";"c/ Horno  13,12225,Torralba del Pinar,Castellon,Spain";-0.4385221;39.9889524;"calle horno, 13, 12225 torralba del pinar, castellón, spain"
"Agencia de Lectura Municipal de Torreblanca";"Plz. San Bartolomé, 1";"12596";"Torreblanca";"Castellon";"Comunidad Valenciana";"Spain";"678 70 19 53";"964 42 01 25";"persiva_pel@gva.es";"Plz. San Bartolomé  1";"Plz. San Bartolome  1,12596,Torreblanca,Castellon,Spain";0.1950686;40.2212586;"plaza san bartolomé, 1, 12596 torreblanca, castellón, spain"
"Agencia de Lectura Municipal de Vall d'Alba";"Plz. Mayor, 2, 5º";"12194";"Vall d'Alba";"Castellon";"Comunidad Valenciana";"Spain";"964 32 00 01";"964 32 05 22";"valldalba_alc@gva.es";"Plz. Mayor  2";"Plz. Mayor  2,12194,Vall d'Alba,Castellon,Spain";-0.0635665;40.166228;"calle mayor, 2, 12194 la barona, castellón, spain"
"Centro de Internacional de Documentación Artística CIDA - Vicente Aguilera Cerni";"c/ Mestre Bernat, 14";"12192";"Vilafamés";"Castellon";"Comunidad Valenciana";"Spain";"964 33 51 29";"964 33 51 29";"cida@cidavilafames.es";"c/ Mestre Bernat  14";"c/ Mestre Bernat  14,12192,Vilafames,Castellon,Spain";-0.0539224;40.113509;"carrer mestre bernat, 14, 12192 vilafamés, castellón, spain"
"Biblioteca Pública Municipal de Vilafamés";"Avda. Barceló, 8";"12192";"Vilafamés";"Castellon";"Comunidad Valenciana";"Spain";"964 32 92 50";"";"vilafames_bib@gva.es";"Avda. Barceló  8";"Avda. Barcelo  8,12192,Vilafames,Castellon,Spain";-0.0530366;40.1130969;"avinguda barcelo, 8, 12192 vilafamés, castellón, spain"
"Agencia de Lectura Municipal de Vilanova d'Alcolea";"c/ de la Torre, 45";"12183";"Vilanova d'Alcolea";"Castellon";"Comunidad Valenciana";"Spain";"964 70 70 32";"964 70 71 52";"valcolea_ayt@gva.es";"c/ de la Torre  45";"c/ de la Torre  45,12183,Vilanova d'Alcolea,Castellon,Spain";0.0731927;40.2329809;"carrer la torre, 45, 12183 vilanova d`alcolea, castellón, spain"
"Biblioteca Auxiliar del Archivo Municipal de Castellón";"Avda. La mura, 14 , 2º";"12540";"Vila-real";"Castellon";"Comunidad Valenciana";"Spain";"964 54 72 20";"964 54 72 21";"arxiu@ajvila-real.es";"Avda. La mura  14 ";"Avda. La mura  14 ,12540,Vila-real,Castellon,Spain";-0.0993898;39.9370717;"avinguda de la mura, 14, 12540 vila-real, castellón, spain"
"Biblioteca del Paciente Hospital de la Plana";"Ctra. de Vila-Real a Burriana km.0,5";"12540";"Vila-real";"Castellon";"Comunidad Valenciana";"Spain";"964 35 76 32";"964 35 76 01";"magro_dol@gva.es";"Ctra. de Vila-Real a Burriana km.0 5";"Ctra. de Vila-Real a Burriana km.0 5,12540,Vila-real,Castellon,Spain";-0.1136387;39.9327341;"camino artana vila-real, 5, 12540 vila-real, castellón, spain"
"Biblioteca del Museo de la Ciudad - Casa Polo";"c/ Joan Fuster , 33";"12540";"Vila-real";"Castellon";"Comunidad Valenciana";"Spain";"964 53 58 59";"964 52 49 20";"museu@ajvila-real.es";"c/ Joan Fuster  33";"c/ Joan Fuster  33,12540,Vila-real,Castellon,Spain";-0.0961964;39.9399894;"carrer joan fuster, 33, 12540 vila-real, castellón, spain"
"Agencia de Lectura Municipal de Vila-Real - El Pilar";"c/ Martí L'humà, 24";"12540";"Vila-real";"Castellon";"Comunidad Valenciana";"Spain";"964 50 68 17";"";"biblioteca@ajvila-real.es";"c/ Martí L'humà  24";"c/ Marti L'huma  24,12540,Vila-real,Castellon,Spain";-0.0950668;39.9447608;"carrer martí l'humà, 24, 12540 vila-real, castellón, spain"
"Agencia de Lectura Infantil de Vila-Real - Barranquet";"c/ José Ramón Batalla, 6";"12540";"Vila-real";"Castellon";"Comunidad Valenciana";"Spain";"964 54 70 77";"";"biblioteca@ajvila-real.es";"c/ José Ramón Batalla  6";"c/ Jose Ramon Batalla  6,12540,Vila-real,Castellon,Spain";-0.1005932;39.9397706;"12540 vila-real, castellón, spain"
"Biblioteca Infantil de Vila-Real";"c/ Solades, 25, 1º";"12540";"Vila-real";"Castellon";"Comunidad Valenciana";"Spain";"964 54 72 30";"964 52 04 81";"biblioteca@ajvila-real.es";"c/ Solades  25";"c/ Solades  25,12540,Vila-real,Castellon,Spain";-0.0965589;39.938016;"carrer solades, 25, 12540 vila-real, castellón, spain"
"Biblioteca Pública Municipal de Vila-Real - Central";"c/ Solades, 25";"12540";"Vila-real";"Castellon";"Comunidad Valenciana";"Spain";"964 54 72 30";"964 52 04 81";"biblioteca@ajvila-real.es";"c/ Solades  25";"c/ Solades  25,12540,Vila-real,Castellon,Spain";-0.0965589;39.938016;"carrer solades, 25, 12540 vila-real, castellón, spain"
"Biblioteca del Centro Asociado de la UNED de Castellón en Villareal";"c/ Arrabal del Carmen, 82, Planta baja";"12540";"Vila-real";"Castellon";"Comunidad Valenciana";"Spain";"964 53 43 05";"964 52 47 74";"biblioteca@vila-real.uned.es";"c/ Arrabal del Carmen  82";"c/ Arrabal del Carmen  82,12540,Vila-real,Castellon,Spain";-0.104144;39.93498;"centro asociado de la uned en vila-real, arrabal del carmen, 82, 12540 villareal, castellon, castellón, spain"
"Biblioteca Pública Municipal de Villafranca del Cid";"Avda. Castelló, 63";"12150";"Villafranca del Cid/Vilafranca";"Castellon";"Comunidad Valenciana";"Spain";"964 44 08 14";"964 44 08 14";"info@ajuntamentdevilafranca.es";"Avda. Castelló  63";"Avda. Castello  63,12150,Villafranca del Cid/Vilafranca,Castellon,Spain";-0.2547308;40.429563;"avenida de castellón, 63, 12150 vilafranca, castellón, spain"
"Biblioteca de la Asociación Cultural Amigos de Vinaròs - Victor Carrillo";"c/ Sant Ramón, 13";"12500";"Vinaròs";"Castellon";"Comunidad Valenciana";"Spain";"964 45 27 08";"";"info@amicsdevinaros.com";"c/ Sant Ramón  13";"c/ Sant Ramon  13,12500,Vinaros,Castellon,Spain";0.4743201;40.4708784;"calle san ramón, 13, 12500 vinaròs, castellón, spain"
"Biblioteca del Decanato de Vinarós";"Avda. de la Libertad, s/n";"12500";"Vinaròs";"Castellon";"Comunidad Valenciana";"Spain";"946 45 48 18";"";"avila_cargal@gva.es";"Avda. de la Libertad  s/n";"Avda. de la Libertad  s/n,12500,Vinaros,Castellon,Spain";0.4734727;40.4742079;"avenida de la libertad, 12500 vinaròs, castellón, spain"
"Biblioteca Pública Municipal de Vinaròs";"Plz. Hort del Escribano, s/n";"12500";"Vinaròs";"Castellon";"Comunidad Valenciana";"Spain";"964 45 95 90";"964 40 77 01";"biblioteca@vinaros.org";"Plz. Hort del Escribano  s/n";"Plz. Hort del Escribano  s/n,12500,Vinaros,Castellon,Spain";0.4737094;40.4711368;"plaça l hort dels escribano, 12500 vinaròs, castellón, spain"
"Biblioteca CEFIRE de Vinaròs - Centro de Formación, Innovación y Recursos Educativos";"Avda. de la Libertad, s/n";"12500";"Vinaròs";"Castellon";"Comunidad Valenciana";"Spain";"964 45 45 52";"964 45 30 39";"direvinaros@edu.gva.es";"Avda. de la Libertad  s/n";"Avda. de la Libertad  s/n,12500,Vinaros,Castellon,Spain";0.4734727;40.4742079;"avenida de la libertad, 12500 vinaròs, castellón, spain"
"Agencia de Lectura Municipal de Viver";"Plz. Mayor, 1";"12460";"Viver";"Castellon";"Comunidad Valenciana";"Spain";"964 14 10 06";"964 14 19 53";"crisviver@hotmail.com";"Plz. Mayor  1";"Plz. Mayor  1,12460,Viver,Castellon,Spain";-0.5957498;39.921101;"plaza mayor del palancia, 1, 12460 viver, castellón, spain"
